[
  {
    "id": "234443234",
    "name": "32432432",
    "phase": "424",
    "comments": "23424",
    "startDate": "2024-07-18",
    "endDate": "2024-07-20",
    "weight": "10",
    "budget": "",
    "employees": [
      "Nurdaulet Zhumabekov"
    ],
    "status": "Запрос",
    "rating": "6",
    "customerRating": "4",
    "dependencies": [
      "234929999"
    ],
    "goals": [
      {
        "name": "23423",
        "deadline": "2024-07-19",
        "selected": true,
        "status": "Запрос",
        "rating": "2",
        "customerRating": "1"
      },
      {
        "name": "wqeqwrwq",
        "deadline": "2024-07-11",
        "selected": false,
        "status": "Выполнено"
      }
    ],
    "type": "generation"
  },
  {
    "name": "Kkdkkk",
    "id": "590939095",
    "employees": [
      "Nurdaulet Zhumabekov"
    ],
    "goals": [
      {
        "name": "Asfi21",
        "deadline": "2024-12-31",
        "status": "Отклонено",
        "rating": "2",
        "customerRating": "1"
      }
    ],
    "dependencies": [],
    "startDate": "2024-12-31",
    "endDate": "2025-01-01",
    "phase": "C",
    "comments": "comms",
    "weight": "10",
    "budget": "5000",
    "rating": "6",
    "customerRating": "3"
  }
]