[
  {
    "name": "Навы",
    "id": "111119999",
    "employees": [
      "Nurdaulet Zhumabekov"
    ],
    "goals": [
      {
        "name": "цле2",
        "deadline": "2024-12-31",
        "status": "Выполнено"
      }
    ],
    "dependencies": [],
    "comments": "ком",
    "weight": "10",
    "products": [
      {
        "name": "10",
        "cost": "10"
      }
    ],
    "deadline": "2024-12-31",
    "finalCompletionDate": "2024-12-31",
    "customerRating": "4",
    "rating": "6"
  }
]